{"cameraMode":{"drawMode":0,"name":"Shaded","section":"Shading Mode"},"sceneLighting":true,"audioPlay":false,"sceneViewState":{"m_AlwaysRefresh":false,"showFog":true,"showSkybox":true,"showFlares":true,"showImageEffects":true,"showParticleSystems":true,"showVisualEffectGraphs":true,"m_FxEnabled":true},"in2DMode":false,"pivot":{"x":-0.2866348326206207,"y":0.9929862022399902,"z":-0.21396827697753907},"rotation":{"x":-0.16511178016662599,"y":0.01833614520728588,"z":-0.0030669562984257938,"w":-0.9861113429069519},"size":6.378025531768799,"orthographic":false}